acc,prec,rec,f1,mcc,auc,wprec,wrec,wf1,ds,fold,tuner,time,evals,lc,lg,inner
0.8351648351648352,0.4444444444444444,0.2857142857142857,0.34782608695652173,0.266832911963873,0.8923933209647495,0.8113404210965186,0.8351648351648352,0.8198397172966493,xerces-1.3,0,Random,6.090852134999977,200,-0.09247688101016482,-0.6133846719547993,0.4372570475070859
0.8241758241758241,0.4,0.2857142857142857,0.3333333333333333,0.23971550665359717,0.87291280148423,0.8032288698955364,0.8241758241758241,0.8117494320025966,xerces-1.3,0,DE,5.9280666410001,200,-1.102633390153112,-0.6551805256226348,0.4478510906905416
0.8241758241758241,0.4,0.2857142857142857,0.3333333333333333,0.23971550665359717,0.8654916512059369,0.8032288698955364,0.8241758241758241,0.8117494320025966,xerces-1.3,0,HHO,5.729443887000116,200,-0.5771638136202075,-0.949617693848809,0.4478510906905416
0.7582417582417582,0.375,0.8571428571428571,0.5217391304347826,0.4514144863878443,0.8552875695732839,0.8751629726205997,0.7582417582417582,0.7895435766279756,xerces-1.3,1,Random,5.496127589000025,200,-4.071556875518667,-6.011138486618693,0.4196744133160224
0.7912087912087912,0.2222222222222222,0.14285714285714285,0.17391304347826086,0.06278421457973482,0.7207792207792209,0.7565144882218053,0.7912087912087912,0.7717969752424224,xerces-1.3,1,DE,5.559225566000123,200,3.032760148418868,-1.9112268381647621,0.4142697640460087
0.7692307692307693,0.3870967741935484,0.8571428571428571,0.5333333333333333,0.4646864844567299,0.8348794063079777,0.8775020678246486,0.7692307692307693,0.798502713831181,xerces-1.3,1,HHO,6.348953970999901,200,-4.662748892467656,-5.378249431187966,0.42345508793714326
0.7692307692307693,0.3870967741935484,0.8571428571428571,0.5333333333333333,0.4646864844567299,0.8256029684601113,0.8775020678246486,0.7692307692307693,0.798502713831181,xerces-1.3,2,Random,5.926642408000134,200,-4.817997415107337,-4.981617207590298,0.4283221146415857
0.7692307692307693,0.3870967741935484,0.8571428571428571,0.5333333333333333,0.4646864844567299,0.8228200371057515,0.8775020678246486,0.7692307692307693,0.798502713831181,xerces-1.3,2,DE,5.6911269980000725,200,-4.903946689734409,-5.029365636973601,0.4257214243928004
0.7582417582417582,0.375,0.8571428571428571,0.5217391304347826,0.4514144863878443,0.8172541743970315,0.8751629726205997,0.7582417582417582,0.7895435766279756,xerces-1.3,2,HHO,5.923206652999852,200,-3.8613057958998636,-5.045688261812921,0.41166228278999767
0.7222222222222222,0.3235294117647059,0.8461538461538461,0.46808510638297873,0.3969447366469022,0.7582417582417582,0.8717320261437909,0.7222222222222222,0.7623491352494712,xerces-1.3,3,Random,5.670350065000093,200,-1.6545444550674224,-4.6691692381809125,0.44663134408828925
0.7444444444444445,0.32142857142857145,0.6923076923076923,0.43902439024390244,0.3383319092665187,0.7522477522477522,0.8467869943676395,0.7444444444444445,0.7774034430991792,xerces-1.3,3,DE,5.4305351900000005,200,-1.1428416018117025,-3.1681897731650808,0.46981275806478345
0.7333333333333333,0.3103448275862069,0.6923076923076923,0.42857142857142855,0.3253920523524547,0.7552447552447552,0.8442811381194648,0.7333333333333333,0.7686680469289165,xerces-1.3,3,HHO,5.26417359900006,200,-1.4807910881433766,-3.134562158109149,0.46373306788798896
0.6888888888888889,0.3055555555555556,0.7857142857142857,0.44,0.33792266766718726,0.7603383458646616,0.8450617283950616,0.6888888888888889,0.731008547008547,xerces-1.3,4,Random,5.341598584999929,200,-2.8954145813645003,-2.672198485108713,0.435071790570875
0.7,0.30303030303030304,0.7142857142857143,0.425531914893617,0.30960566512554083,0.7518796992481203,0.8323232323232322,0.7,0.739209726443769,xerces-1.3,4,DE,5.552423238999836,200,-2.421020842081397,-3.114431424416592,0.45963799889754475
0.7111111111111111,0.3125,0.7142857142857143,0.43478260869565216,0.3216463555117647,0.75,0.8348180076628353,0.7111111111111111,0.748229865166919,xerces-1.3,4,HHO,5.5601435769999625,200,-2.4097389501642494,-2.980810398110814,0.46114423783796665
0.6923076923076923,0.28125,0.6428571428571429,0.391304347826087,0.26005399759299724,0.7077922077922079,0.8177151238591917,0.6923076923076923,0.732146370253787,xerces-1.3,5,Random,5.711895206000008,200,-2.062328454652895,-2.24384114595788,0.500529685400866
0.8241758241758241,0.4,0.2857142857142857,0.3333333333333333,0.23971550665359717,0.6948051948051948,0.8032288698955364,0.8241758241758241,0.8117494320025966,xerces-1.3,5,DE,5.377816104999965,200,0.043845237051146846,-0.18937310833888787,0.4771996724312258
0.6703296703296703,0.2777777777777778,0.7142857142857143,0.4,0.27789712771176667,0.7133580705009276,0.8273504273504272,0.6703296703296703,0.7153846153846153,xerces-1.3,5,HHO,5.550765775000173,200,-2.2091913071505953,-1.875165374635264,0.5042140602372601
0.8131868131868132,0.4482758620689655,0.9285714285714286,0.6046511627906976,0.5581061326067935,0.8951762523191095,0.9014717207153249,0.8131868131868132,0.8356906603518616,xerces-1.3,6,Random,5.924070403000087,200,-3.9687444195415984,-6.24213357485165,0.40316680054502124
0.8131868131868132,0.4482758620689655,0.9285714285714286,0.6046511627906976,0.5581061326067935,0.8970315398886828,0.9014717207153249,0.8131868131868132,0.8356906603518616,xerces-1.3,6,DE,5.868043908000118,200,-4.069770977054983,-6.196125537876905,0.40316680054502124
0.8791208791208791,0.6153846153846154,0.5714285714285714,0.5925925925925926,0.5222329678670935,0.8942486085343228,0.8757396449704142,0.8791208791208791,0.8772723095303739,xerces-1.3,6,HHO,5.617134209000142,200,-1.111814213878523,-1.6168858716794747,0.42338410405609217
0.6593406593406593,0.2926829268292683,0.8571428571428571,0.43636363636363634,0.3484523909175282,0.8181818181818182,0.8573358348968105,0.6593406593406593,0.7067452232806564,xerces-1.3,7,Random,5.78132379900012,200,-0.3749597571660326,-8.684012406448609,0.41197088024792344
0.6703296703296703,0.2894736842105263,0.7857142857142857,0.4230769230769231,0.31829786764116547,0.8172541743970315,0.8427927583836224,0.6703296703296703,0.7159763313609468,xerces-1.3,7,DE,5.78587447599989,200,-1.346332121317534,-9.186529256538357,0.41562870966755533
0.7252747252747253,0.3225806451612903,0.7142857142857143,0.4444444444444444,0.336156180245294,0.8024118738404453,0.8393713813068653,0.7252747252747253,0.7601222783704535,xerces-1.3,7,HHO,6.119100462999995,200,-4.999868343845981,-6.17233409744002,0.42504756957069806
0.7222222222222222,0.3,0.6923076923076923,0.4186046511627907,0.31289310938737197,0.8251748251748251,0.841851851851852,0.7222222222222222,0.7598973952733926,xerces-1.3,8,Random,5.721292288999848,200,-1.8948392230496207,-1.6971402222250873,0.44764743142567903
0.7444444444444445,0.2916666666666667,0.5384615384615384,0.3783783783783784,0.2525413470284621,0.7552447552447553,0.8199074074074074,0.7444444444444445,0.7726033726033725,xerces-1.3,8,DE,5.855102153999951,200,-2.033062957686864,-9.351692634740463,0.4580537597677612
0.7444444444444445,0.3076923076923077,0.6153846153846154,0.41025641025641024,0.29598497332470697,0.7652347652347653,0.8331597222222222,0.7444444444444445,0.7752561071710007,xerces-1.3,8,HHO,6.160569578999912,200,-5.0,-6.097527413303065,0.45709660590396073
0.7111111111111111,0.2857142857142857,0.5714285714285714,0.38095238095238093,0.24133936700459638,0.6738721804511278,0.807168458781362,0.7111111111111111,0.7446054750402576,xerces-1.3,9,Random,5.5597833540000465,200,4.380837185596295,-9.467815483615292,0.4191003829663809
0.8222222222222222,0.46153846153846156,0.8571428571428571,0.6,0.5381031660853428,0.849624060150376,0.8898504273504274,0.8222222222222222,0.8412698412698414,xerces-1.3,9,DE,5.496926260999999,200,-4.721779110537002,-6.745817308087645,0.42496226564842754
0.8,0.4230769230769231,0.7857142857142857,0.55,0.47046449995729694,0.849624060150376,0.8706730769230769,0.8,0.8214285714285714,xerces-1.3,9,HHO,6.042685500000061,200,-1.4560977690345493,-9.607002677282512,0.41738196822351314
